id,first_name,last_name,email,street_address,city,state,zip,created_date,phone
1,Tricia,Redgrove,tredgrove0@blog.com,4 Muir Lane,Louisville,Kentucky,40225,08/14/2024,(502) 8175159
2,Jillayne,Grady,jgrady1@washingtonpost.com,73 Moland Drive,Baltimore,Maryland,21281,11/10/2024,(410) 4665745
3,Ottilie,Lemmanbie,olemmanbie2@freewebs.com,132 Clove Pass,Rochester,New York,14604,06/12/2024,(585) 5542349
4,Johny,Keyho,jkeyho3@princeton.edu,57 Boyd Plaza,Detroit,Michigan,48267,02/16/2025,(313) 8314839
5,Lura,Silveston,lsilveston4@ebay.co.uk,05544 Kropf Terrace,Rochester,New York,14652,06/18/2024,(585) 1300023
6,Querida,Hopewell,qhopewell5@sakura.ne.jp,85245 Shopko Alley,Saint Paul,Minnesota,55123,07/02/2024,(612) 5767014
7,Korella,Elgar,kelgar6@over-blog.com,4108 Jana Plaza,Orange,California,92668,07/16/2024,(858) 3160081
8,Bernete,Pruvost,bpruvost7@pbs.org,5 Anhalt Way,Las Vegas,Nevada,89166,01/01/2025,(702) 9034504
9,Gare,Mariette,gmariette8@privacy.gov.au,18 Surrey Crossing,Muskegon,Michigan,49444,07/03/2024,(231) 7848324
10,Tamar,Hamblett,thamblett9@addtoany.com,71 Ryan Avenue,Dallas,Texas,75358,06/02/2024,(214) 2292353
11,Joshua,Kilgallen,jkilgallena@webmd.com,671 Logan Park,Los Angeles,California,90035,07/08/2024,(818) 6610913
12,Marla,Greguoli,mgreguolib@shutterfly.com,199 Becker Junction,Bakersfield,California,93386,10/20/2024,(661) 1941144
13,Demetris,Goodwin,dgoodwinc@sourceforge.net,82 Crownhardt Court,Honolulu,Hawaii,96825,03/28/2024,(808) 8679591
14,Bette-ann,Buckwell,bbuckwelld@hibu.com,4254 Dorton Street,Houston,Texas,77266,10/15/2024,(713) 7467013
15,Jerome,Coughtrey,jcoughtreye@flickr.com,525 Hooker Point,Montgomery,Alabama,36177,11/01/2024,(334) 5909559
16,Merrili,Abrahart,mabrahartf@patch.com,861 Starling Alley,Saint Louis,Missouri,63143,11/26/2024,(314) 4160533
17,Marius,Paffett,mpaffettg@jugem.jp,748 Melody Road,Fort Myers,Florida,33906,02/11/2025,(239) 2966444
18,Nissy,Milmoe,nmilmoeh@ihg.com,6 Helena Center,Young America,Minnesota,55564,12/29/2024,(952) 8749973
19,Beret,Hardway,bhardwayi@webnode.com,16421 Bartillon Place,Paterson,New Jersey,07544,07/02/2024,(862) 2213134
20,Meriel,Warden,mwardenj@sohu.com,31 Manley Circle,Las Vegas,Nevada,89150,09/17/2024,(702) 9380010
21,Quintin,Jordanson,qjordansonk@studiopress.com,341 Center Drive,Phoenix,Arizona,85083,12/23/2024,(602) 1597541
22,Catherine,Thurby,cthurbyl@freewebs.com,29 Nevada Court,Indianapolis,Indiana,46202,06/06/2024,(765) 2098959
23,Maxie,Aharoni,maharonim@slate.com,7573 Golf View Alley,Des Moines,Iowa,50347,05/14/2024,(515) 4805210
24,Bobine,Padbery,bpadberyn@bing.com,2615 Gina Court,Erie,Pennsylvania,16550,04/14/2024,(814) 1029558
25,Ed,Danett,edanetto@economist.com,33814 Barnett Avenue,Charleston,West Virginia,25389,11/02/2024,(304) 5292062
26,Karilynn,Gammie,kgammiep@typepad.com,3872 Hoard Pass,El Paso,Texas,79989,09/11/2024,(915) 8925673
27,Chiquia,Lezemore,clezemoreq@trellian.com,3 Cherokee Junction,Albany,New York,12247,01/09/2025,(518) 1012478
28,Micheline,Lardner,mlardnerr@discuz.net,7 Graceland Center,Albany,New York,12210,05/21/2024,(518) 1911357
29,Fidole,Tows,ftowss@over-blog.com,581 Rigney Pass,Chattanooga,Tennessee,37410,04/02/2024,(423) 7810457
30,Kore,O'Growgane,kogrowganet@miibeian.gov.cn,55563 Maywood Hill,Atlanta,Georgia,31106,07/18/2024,(404) 5256356
31,Sibella,Duchateau,sduchateauu@intel.com,21397 Hermina Center,Washington,District of Columbia,20337,08/06/2024,(202) 6615421
32,Ethelyn,Bytheway,ebythewayv@sciencedirect.com,38 Mesta Terrace,Oklahoma City,Oklahoma,73147,07/20/2024,(405) 5240152
33,Imojean,Jeffs,ijeffsw@nih.gov,574 New Castle Park,Saint Petersburg,Florida,33737,03/31/2024,(727) 1750816
34,Katya,Titmarsh,ktitmarshx@123-reg.co.uk,8 Southridge Plaza,Charleston,South Carolina,29403,07/16/2024,(843) 6165167
35,Patin,Pilley,ppilleyy@buzzfeed.com,964 Sherman Road,Jamaica,New York,11447,02/21/2025,(718) 3715996
36,Miof mela,Grocott,mgrocottz@nationalgeographic.com,11807 Kings Terrace,Des Moines,Iowa,50936,03/08/2025,(515) 1123924
37,Emelia,Crandon,ecrandon10@about.me,647 Grayhawk Way,Spokane,Washington,99252,06/16/2024,(509) 5965429
38,Katine,Havers,khavers11@booking.com,218 Elgar Drive,Huntington,West Virginia,25726,04/18/2024,(304) 2467919
39,Tyrone,Hatliffe,thatliffe12@ucoz.ru,9 Meadow Vale Court,Cincinnati,Ohio,45243,09/12/2024,(513) 1012194
40,Patten,Burtonwood,pburtonwood13@soup.io,89953 Warner Junction,Stamford,Connecticut,06922,12/08/2024,(203) 6809161
41,Darelle,Conibear,dconibear14@chicagotribune.com,29 Knutson Junction,Carol Stream,Illinois,60158,04/29/2024,(309) 3545974
42,Claus,Lung,clung15@cpanel.net,825 6th Court,San Antonio,Texas,78215,08/24/2024,(210) 5424044
43,Berkly,Castaneda,bcastaneda16@indiatimes.com,5 Hoepker Court,Panama City,Florida,32412,12/18/2024,(850) 8383285
44,Gertrud,Roswarne,groswarne17@cafepress.com,6295 Warrior Court,El Paso,Texas,88525,05/19/2024,(915) 8479325
45,Tristan,Heinsen,theinsen18@miitbeian.gov.cn,674 Scoville Road,Columbus,Ohio,43220,12/04/2024,(614) 2011750
46,Baird,Marrian,bmarrian19@soup.io,2774 Stang Plaza,Cumming,Georgia,30130,12/31/2024,(706) 3892619
47,Tamera,Greenroa,tgreenroa1a@wikispaces.com,623 Anzinger Junction,Saginaw,Michigan,48604,11/30/2024,(989) 7105750
48,Paulo,Foresight,pforesight1b@ebay.com,4905 Truax Park,San Antonio,Texas,78296,11/09/2024,(210) 6049126
49,Karon,Tabourel,ktabourel1c@ucoz.com,86 Harper Hill,Pompano Beach,Florida,33075,11/27/2024,(754) 6430064
50,Deloris,Everal,deveral1d@ed.gov,9053 Mandrake Alley,Anaheim,California,92825,12/14/2024,(714) 4441237
51,Livvie,Meader,lmeader1e@feedburner.com,46 School Hill,Flushing,New York,11388,12/26/2024,(347) 4542384
52,Helga,Treadaway,htreadaway1f@geocities.jp,499 Hooker Alley,Santa Clara,California,95054,11/26/2024,(858) 1264176
53,Gwendolin,Trower,gtrower1g@businessweek.com,60939 Starling Trail,Salt Lake City,Utah,84125,02/14/2025,(801) 1296901
54,Consuelo,Adamovsky,cadamovsky1h@tripod.com,117 Vernon Terrace,Washington,District of Columbia,20540,05/25/2024,(202) 3637532
55,Malva,Geldeard,mgeldeard1i@bing.com,6 Gerald Park,El Paso,Texas,79934,05/24/2024,(915) 1412039
56,Kaspar,Tweddell,ktweddell1j@edublogs.org,480 Merry Crossing,Annapolis,Maryland,21405,07/11/2024,(410) 1310688
57,Franky,Skurray,fskurray1k@state.gov,8679 Esker Alley,Saint Cloud,Minnesota,56372,02/05/2025,(320) 8020956
58,Felicity,Nannetti,fnannetti1l@digg.com,67 Pleasure Way,Mesa,Arizona,85210,08/25/2024,(928) 2613461
59,Waneta,Longina,wlongina1m@zdnet.com,7 Sachtjen Parkway,New Orleans,Louisiana,70160,03/28/2024,(504) 3768278
60,Hamid,Gretton,hgretton1n@github.io,67721 Maple Wood Pass,Chicago,Illinois,60604,03/12/2025,(708) 1649290
61,Ashleigh,Winterflood,awinterflood1o@spotify.com,550 Valley Edge Circle,Jackson,Mississippi,39216,08/24/2024,(601) 3183956
62,Emilie,Heineke,eheineke1p@independent.co.uk,8932 Brickson Park Point,Springfield,Massachusetts,01152,06/17/2024,(413) 1672890
63,Rosalie,Leadley,rleadley1q@marketwatch.com,35215 Bonner Park,Macon,Georgia,31296,06/26/2024,(478) 3549877
64,Jodie,Deluce,jdeluce1r@archive.org,1 Waywood Park,Seattle,Washington,98140,03/09/2025,(206) 8911964
65,Vlad,Degg,vdegg1s@amazon.co.uk,9 Elgar Pass,Amarillo,Texas,79116,07/12/2024,(806) 1996890
66,Cully,Bunny,cbunny1t@redcross.org,03395 La Follette Court,Orlando,Florida,32868,08/25/2024,(407) 7640759
67,Murry,Latta,mlatta1u@feedburner.com,40 Meadow Ridge Road,Utica,New York,13505,01/10/2025,(315) 8091871
68,Damara,Wiz,dwiz1v@ed.gov,22 Schurz Street,Richmond,Virginia,23213,03/29/2024,(804) 1217527
69,Alisander,Cail,acail1w@odnoklassniki.ru,5 Truax Terrace,Helena,Montana,59623,12/12/2024,(406) 6836649
70,Chadd,Nisbet,cnisbet1x@google.es,3 Carey Way,Washington,District of Columbia,20508,11/02/2024,(202) 3739755
71,Helene,Ribey,hribey1y@t.co,0922 Moose Way,Honolulu,Hawaii,96805,01/24/2025,(808) 3178427
72,Daune,Ghidoli,dghidoli1z@businesswire.com,901 Claremont Terrace,North Little Rock,Arkansas,72199,09/15/2024,(501) 5878256
73,Francyne,Willock,fwillock20@marriott.com,73 Union Trail,Midland,Michigan,48670,05/14/2024,(989) 1651079
74,Genia,Colman,gcolman21@purevolume.com,91642 Village Pass,Brockton,Massachusetts,02405,09/15/2024,(508) 7461371
75,Giacopo,Brade,gbrade22@ocn.ne.jp,48 Milwaukee Crossing,Dallas,Texas,75397,11/20/2024,(214) 5492902
76,Byrle,Di Maggio,bdimaggio23@cpanel.net,24827 Bay Plaza,Knoxville,Tennessee,37914,10/05/2024,(865) 7300654
77,Thoma,Fryers,tfryers24@ezinearticles.com,5536 Valley Edge Parkway,Tampa,Florida,33625,03/29/2024,(727) 3884729
78,Janean,Rainbow,jrainbow25@boston.com,41157 Longview Parkway,Staten Island,New York,10310,11/10/2024,(914) 1662285
79,Brok,Biasetti,bbiasetti26@moonfruit.com,08677 Dakota Avenue,Arlington,Virginia,22205,12/22/2024,(571) 2525389
80,Leoline,Allflatt,lallflatt27@narod.ru,4117 Rusk Point,Atlanta,Georgia,30351,12/16/2024,(404) 5999493
81,Brittaney,Howling,bhowling28@bbc.co.uk,020 Porter Parkway,Newark,New Jersey,07104,08/12/2024,(973) 9598420
82,Gan,Simla,gsimla29@hugedomains.com,39 Larry Drive,Las Vegas,Nevada,89145,05/15/2024,(702) 3809501
83,Milli,Galley,mgalley2a@go.com,3 Schurz Center,Birmingham,Alabama,35231,08/03/2024,(205) 1039258
84,Melosa,Gillino,mgillino2b@usnews.com,186 Twin Pines Lane,Cedar Rapids,Iowa,52410,12/01/2024,(319) 8780371
85,Orrin,Tamblingson,otamblingson2c@bandcamp.com,059 Melby Court,Long Beach,California,90805,02/06/2025,(562) 4794982
86,Dorthy,Mehew,dmehew2d@un.org,242 Westridge Court,Houston,Texas,77040,08/27/2024,(713) 7728205
87,Temp,Willshee,twillshee2e@ovh.net,5 Pierstorff Park,Sioux City,Iowa,51105,02/19/2025,(712) 5925622
88,Avery,Shubotham,ashubotham2f@marriott.com,19 Grover Circle,Mc Keesport,Pennsylvania,15134,07/02/2024,(412) 5495955
89,Adrianna,Steere,asteere2g@cornell.edu,46 Towne Way,Houston,Texas,77250,02/13/2025,(713) 5639802
90,Giovanna,Ritelli,gritelli2h@discuz.net,5145 Johnson Street,Austin,Texas,78703,08/15/2024,(512) 2125740
91,Malena,Bapty,mbapty2i@mediafire.com,729 Cardinal Avenue,Charlotte,North Carolina,28235,04/24/2024,(704) 5551839
92,Korey,Craiker,kcraiker2j@wp.com,99 Everett Lane,Birmingham,Alabama,35279,10/31/2024,(205) 5812709
93,Brodie,Peal,bpeal2k@time.com,78505 Jenifer Crossing,Peoria,Illinois,61640,03/08/2025,(309) 6335462
94,Nicko,Gecke,ngecke2l@flavors.me,673 American Center,El Paso,Texas,88546,12/04/2024,(915) 9570640
95,Bailey,Goggin,bgoggin2m@yolasite.com,778 Killdeer Hill,Shreveport,Louisiana,71166,03/31/2024,(318) 8893478
96,Robinson,Athersmith,rathersmith2n@thetimes.co.uk,00593 Harbort Terrace,San Jose,California,95150,09/06/2024,(408) 5492292
97,Millie,Rosenstock,mrosenstock2o@hhs.gov,8 Linden Trail,Virginia Beach,Virginia,23459,06/16/2024,(757) 6299015
98,Louella,Orrill,lorrill2p@people.com.cn,11 Meadow Ridge Terrace,Memphis,Tennessee,38161,10/29/2024,(901) 6977084
99,Damien,Woolley,dwoolley2q@privacy.gov.au,1 Meadow Ridge Drive,Huntsville,Alabama,35815,11/11/2024,(256) 1328981
100,Reidar,Gribble,rgribble2r@gnu.org,2686 Dixon Park,Minneapolis,Minnesota,55412,10/23/2024,(612) 4786951
101,Daisey,Arnecke,darnecke2s@cnbc.com,1 Jackson Place,Philadelphia,Pennsylvania,19120,01/15/2025,(215) 7366290
102,Wren,Oldmeadow,woldmeadow2t@bravesites.com,6 Scofield Circle,Lake Charles,Louisiana,70607,06/03/2024,(337) 7818065
103,Gale,Scedall,gscedall2u@google.cn,9111 Spaight Crossing,Sacramento,California,94245,09/04/2024,(916) 1037850
104,Martica,Glide,mglide2v@va.gov,94 Northland Pass,Sacramento,California,94245,07/08/2024,(916) 3888872
105,Robbi,Richmont,rrichmont2w@wunderground.com,6549 Lillian Junction,Alexandria,Virginia,22333,05/17/2024,(571) 8742707
106,Irena,Repper,irepper2x@phpbb.com,098 Schlimgen Terrace,Houston,Texas,77025,12/03/2024,(281) 6075714
107,Florie,Leeb,fleeb2y@google.it,76878 Schlimgen Road,Minneapolis,Minnesota,55428,04/12/2024,(763) 5149923
108,Carlin,Dudenie,cdudenie2z@ehow.com,2 Brown Alley,Seattle,Washington,98133,03/11/2025,(206) 9139866
109,Bonnibelle,Brentnall,bbrentnall30@cnbc.com,22302 Victoria Hill,Glendale,Arizona,85305,11/18/2024,(623) 4796368
110,Kally,Bootland,kbootland31@studiopress.com,192 Orin Pass,Sacramento,California,94291,01/05/2025,(916) 4466104
111,Ethan,Bugg,ebugg32@arstechnica.com,13616 Delladonna Parkway,Montgomery,Alabama,36134,05/30/2024,(334) 4197782
112,Lilith,Muggleston,lmuggleston33@drupal.org,3 Lindbergh Pass,Watertown,Massachusetts,02472,03/03/2025,(978) 1535989
113,Neala,Diamant,ndiamant34@npr.org,1809 Brickson Park Plaza,Tucson,Arizona,85754,03/23/2025,(520) 9565931
114,Adolf,Tixier,atixier35@pen.io,9693 Boyd Plaza,Dallas,Texas,75358,02/18/2025,(214) 4758564
115,Kacey,Kilbourne,kkilbourne36@bravesites.com,9 Barnett Way,Buffalo,New York,14263,01/28/2025,(716) 1710853
116,Ethelyn,Job,ejob37@state.tx.us,321 Grasskamp Road,Palatine,Illinois,60078,02/01/2025,(847) 2051080
117,Bernard,Buttrey,bbuttrey38@msn.com,48 Anzinger Point,Trenton,New Jersey,08619,09/27/2024,(609) 2799650
118,Ernaline,Kenyam,ekenyam39@ocn.ne.jp,28892 Gale Hill,Lansing,Michigan,48912,03/05/2025,(517) 3363581
119,Ofilia,Gerrish,ogerrish3a@apache.org,0 Waywood Plaza,Oklahoma City,Oklahoma,73135,12/21/2024,(405) 6070305
120,Markus,Yeell,myeell3b@mapy.cz,662 American Ash Avenue,Philadelphia,Pennsylvania,19160,10/04/2024,(215) 7365313
121,Orazio,Mustoe,omustoe3c@ameblo.jp,17 Carberry Point,Jackson,Mississippi,39216,04/25/2024,(601) 5767867
122,Roobbie,Atterley,ratterley3d@bandcamp.com,0 Cardinal Drive,Brooklyn,New York,11247,05/15/2024,(212) 4708962
123,Adolphe,Thurlow,athurlow3e@odnoklassniki.ru,91 Fair Oaks Court,Saint Louis,Missouri,63143,06/23/2024,(314) 7401045
124,Hermina,Jemmett,hjemmett3f@opensource.org,61550 Nelson Place,Austin,Texas,78749,01/03/2025,(512) 3776496
125,Eveline,Lindman,elindman3g@usda.gov,666 Barby Pass,Palatine,Illinois,60078,12/21/2024,(847) 5425799
126,Sayres,Canet,scanet3h@discovery.com,2599 Merrick Circle,Boston,Massachusetts,02208,11/25/2024,(617) 2758705
127,Irita,Lensch,ilensch3i@digg.com,49 Iowa Park,Hampton,Virginia,23668,08/02/2024,(757) 3704693
128,Orella,Edgley,oedgley3j@nasa.gov,97 Helena Plaza,Buffalo,New York,14210,01/22/2025,(716) 8522530
129,Godfrey,Playdon,gplaydon3k@fc2.com,7144 Kedzie Pass,Port Saint Lucie,Florida,34985,12/16/2024,(772) 3028560
130,Jeremy,Whall,jwhall3l@digg.com,81300 Donald Road,Cleveland,Ohio,44197,02/20/2025,(216) 6520375
131,Brittni,Schole,bschole3m@patch.com,4023 Fairview Trail,Manchester,New Hampshire,03105,02/16/2025,(603) 4305251
132,Kat,Gowers,kgowers3n@miibeian.gov.cn,55 Garrison Circle,Dayton,Ohio,45426,04/23/2024,(937) 1903637
133,Robby,Kurten,rkurten3o@about.me,5 Judy Street,Amarillo,Texas,79171,08/14/2024,(806) 7729941
134,Katerina,Raatz,kraatz3p@washington.edu,585 Washington Plaza,Appleton,Wisconsin,54915,03/09/2025,(920) 3736316
135,Steffi,Anderl,sanderl3q@uiuc.edu,76484 Milwaukee Street,Hartford,Connecticut,06140,12/26/2024,(860) 2251444
136,Filippa,Yusupov,fyusupov3r@discuz.net,315 Charing Cross Avenue,Staten Island,New York,10305,03/17/2025,(718) 6445118
137,Chadwick,Manhare,cmanhare3s@lycos.com,49 Maryland Junction,Rochester,New York,14614,01/22/2025,(315) 7453352
138,Gustavo,Purves,gpurves3t@ucsd.edu,5338 Norway Maple Crossing,Peoria,Illinois,61635,05/11/2024,(309) 4968251
139,Danika,Corradini,dcorradini3u@theguardian.com,9439 Sunbrook Plaza,Harrisburg,Pennsylvania,17140,04/30/2024,(717) 7277274
140,Den,Drabble,ddrabble3v@ycombinator.com,72539 Nancy Parkway,Peoria,Illinois,61656,05/29/2024,(309) 6778784
141,Sawyer,Mulliss,smulliss3w@java.com,5438 Paget Drive,Irvine,California,92619,01/05/2025,(949) 3912509
142,Deeann,Santarelli,dsantarelli3x@hud.gov,64691 Prairieview Trail,Columbus,Ohio,43204,05/19/2024,(614) 5366881
143,Neely,Sivyer,nsivyer3y@dagondesign.com,2391 High Crossing Point,Los Angeles,California,90094,07/24/2024,(323) 1298108
144,Karisa,Pina,kpina3z@army.mil,1 Fair Oaks Lane,Southfield,Michigan,48076,07/05/2024,(734) 8194769
145,Ann-marie,Humbie,ahumbie40@merriam-webster.com,504 Hagan Court,Bowie,Maryland,20719,12/22/2024,(240) 2029467
146,Shirleen,Joll,sjoll41@amazon.com,76036 Harbort Trail,Albuquerque,New Mexico,87115,05/19/2024,(505) 3662882
147,Silvan,Joules,sjoules42@marketwatch.com,9 Division Avenue,Peoria,Illinois,61656,06/05/2024,(309) 6561186
148,Rhianon,Bridson,rbridson43@list-manage.com,7445 8th Junction,Houston,Texas,77271,11/22/2024,(713) 8877845
149,Bianka,Heugel,bheugel44@uiuc.edu,61 Fairview Terrace,Washington,District of Columbia,20557,10/21/2024,(202) 5658638
150,Zorana,Cuddon,zcuddon45@wufoo.com,072 John Wall Street,West Palm Beach,Florida,33405,02/17/2025,(561) 1589696
151,Aileen,Cyseley,acyseley46@newyorker.com,0045 Merrick Way,Newark,Delaware,19725,04/07/2024,(302) 5362579
152,Dorena,Causton,dcauston47@youtube.com,40 Fair Oaks Drive,Sacramento,California,95894,01/03/2025,(916) 7079402
153,Josefa,Jacobsz,jjacobsz48@unicef.org,287 Lyons Lane,Columbus,Ohio,43215,06/16/2024,(513) 9483907
154,Bernie,Ambresin,bambresin49@vistaprint.com,377 Holmberg Circle,Youngstown,Ohio,44511,07/02/2024,(330) 7498145
155,Reynold,Caron,rcaron4a@linkedin.com,08 Mosinee Parkway,Houston,Texas,77255,10/07/2024,(713) 2289885
156,Ernesto,Speachley,espeachley4b@shop-pro.jp,8392 Elgar Pass,Scranton,Pennsylvania,18514,10/05/2024,(570) 9243832
157,Isacco,Ayres,iayres4c@mozilla.org,73200 Morning Hill,Albuquerque,New Mexico,87180,07/20/2024,(505) 1970421
158,Lotte,Bidnall,lbidnall4d@army.mil,5 Fisk Hill,Dallas,Texas,75265,11/10/2024,(214) 3564546
159,Godart,Rands,grands4e@howstuffworks.com,99 Thompson Road,Seattle,Washington,98109,01/10/2025,(360) 3505737
160,Laverne,Burberye,lburberye4f@nytimes.com,29 Upham Avenue,Albany,New York,12255,04/01/2024,(518) 4654709
161,Ray,Kleinmintz,rkleinmintz4g@skyrock.com,1825 Parkside Park,New York City,New York,10120,03/10/2025,(212) 2828182
162,Saloma,Davers,sdavers4h@admin.ch,215 Jay Street,Oklahoma City,Oklahoma,73142,06/15/2024,(405) 9396356
163,Hobart,Gilliatt,hgilliatt4i@columbia.edu,31 Alpine Lane,Tacoma,Washington,98442,03/19/2025,(253) 9169433
164,Rriocard,Idill,ridill4j@networkadvertising.org,0 Gerald Avenue,Grand Rapids,Michigan,49505,02/09/2025,(616) 5762347
165,Barron,Chaudhry,bchaudhry4k@tinypic.com,0978 Fulton Road,Jersey City,New Jersey,07310,05/29/2024,(201) 7786475
166,Forster,Koop,fkoop4l@google.ru,27 Dottie Lane,Shawnee Mission,Kansas,66286,06/19/2024,(913) 3173933
167,Tandie,Sandeman,tsandeman4m@tripadvisor.com,514 Milwaukee Terrace,Montgomery,Alabama,36195,03/19/2025,(334) 1777254
168,Bink,Oppery,boppery4n@vk.com,5 Toban Parkway,Pittsburgh,Pennsylvania,15225,06/11/2024,(412) 1932104
169,Ody,Broadberry,obroadberry4o@reddit.com,1 Birchwood Circle,Pasadena,California,91186,09/17/2024,(626) 4058975
170,Jessa,Plail,jplail4p@ask.com,38947 3rd Parkway,Washington,District of Columbia,20575,06/20/2024,(202) 3487978
171,Jori,Honsch,jhonsch4q@hc360.com,20 Schurz Circle,Bakersfield,California,93381,12/29/2024,(661) 9722144
172,Tedmund,Shailer,tshailer4r@biblegateway.com,6684 Pankratz Drive,White Plains,New York,10606,03/23/2025,(845) 9717550
173,Val,Buddell,vbuddell4s@redcross.org,071 Marcy Hill,Santa Clara,California,95054,02/07/2025,(858) 2630313
174,Efrem,Brighty,ebrighty4t@cpanel.net,41 Tennyson Terrace,Alexandria,Louisiana,71307,05/11/2024,(318) 8452592
175,Levon,Guiel,lguiel4u@ezinearticles.com,654 Iowa Place,Salt Lake City,Utah,84120,10/11/2024,(801) 8835239
176,Jessika,Claussen,jclaussen4v@omniture.com,66 Hooker Crossing,Richmond,Virginia,23237,03/13/2025,(804) 3745327
177,Normand,Went,nwent4w@opera.com,07 Northport Lane,Miami,Florida,33233,10/14/2024,(786) 3948563
178,Thelma,Cuttles,tcuttles4x@skype.com,0493 Welch Junction,Pittsburgh,Pennsylvania,15230,03/01/2025,(412) 7783710
179,Jereme,Bibey,jbibey4y@mlb.com,68 Waubesa Road,Memphis,Tennessee,38131,05/29/2024,(901) 9768518
180,Verney,Falks,vfalks4z@networkadvertising.org,911 Eagle Crest Road,New York City,New York,10275,04/09/2024,(212) 7456361
181,Paten,Standing,pstanding50@zdnet.com,5317 Browning Court,Pasadena,California,91103,10/30/2024,(626) 2998112
182,Ricki,Du Fray,rdufray51@vinaora.com,8226 Independence Lane,Los Angeles,California,90035,08/11/2024,(323) 4673527
183,Kass,Moyers,kmoyers52@linkedin.com,95574 Reinke Hill,Mesquite,Texas,75185,11/16/2024,(214) 4791033
184,Beverlee,Breen,bbreen53@buzzfeed.com,9 Merrick Crossing,Columbus,Georgia,31914,10/27/2024,(706) 7033987
185,Tod,Schach,tschach54@virginia.edu,31 Meadow Ridge Park,Anchorage,Alaska,99599,03/13/2025,(907) 1965787
186,Shawn,Congdon,scongdon55@senate.gov,3 Pawling Point,New Brunswick,New Jersey,08922,12/11/2024,(732) 6289780
187,Konstance,Whyatt,kwhyatt56@pen.io,91939 Springview Pass,Omaha,Nebraska,68144,08/17/2024,(402) 9360515
188,Honor,Cullen,hcullen57@cargocollective.com,9892 Swallow Hill,Pueblo,Colorado,81015,08/11/2024,(719) 7524244
189,Aube,Pittham,apittham58@ft.com,399 Clarendon Plaza,Denver,Colorado,80228,08/26/2024,(303) 4723032
190,Skippy,Stebbings,sstebbings59@dot.gov,22 Stang Court,Charleston,West Virginia,25305,03/20/2025,(304) 5094916
191,Harlie,Farre,hfarre5a@flavors.me,2510 Heffernan Drive,Saint Paul,Minnesota,55127,01/08/2025,(612) 2772377
192,Sondra,Week,sweek5b@foxnews.com,2338 Comanche Plaza,Charleston,West Virginia,25331,09/07/2024,(304) 3159552
193,Abbe,Sansam,asansam5c@japanpost.jp,31640 Algoma Drive,Hartford,Connecticut,06152,08/17/2024,(860) 5983418
194,Minne,Pauleau,mpauleau5d@sitemeter.com,83 Ilene Avenue,Saint Paul,Minnesota,55108,06/17/2024,(612) 5808785
195,Farrell,Atcheson,fatcheson5e@google.com.br,065 Anderson Way,Apache Junction,Arizona,85219,01/29/2025,(480) 3589720
196,Zonnya,Curnok,zcurnok5f@goo.ne.jp,87 West Circle,Henderson,Nevada,89012,11/24/2024,(702) 1301035
197,Mohandas,Edmeads,medmeads5g@jalbum.net,43279 Milwaukee Pass,Houston,Texas,77035,12/02/2024,(281) 9638724
198,Iosep,Bracegirdle,ibracegirdle5h@ifeng.com,659 Weeping Birch Crossing,Tacoma,Washington,98424,09/15/2024,(206) 6376792
199,Sheelagh,Haylands,shaylands5i@virginia.edu,35745 Pine View Junction,San Antonio,Texas,78278,03/20/2025,(210) 4141835
200,Ezri,Barfitt,ebarfitt5j@hostgator.com,4 Amoth Crossing,Amarillo,Texas,79105,12/17/2024,(806) 1994526
201,Sonnie,MacRanald,smacranald5k@time.com,533 Ludington Way,Colorado Springs,Colorado,80915,08/26/2024,(719) 1606803
202,Hinze,Bony,hbony5l@feedburner.com,55600 Sutherland Place,Rochester,Minnesota,55905,04/21/2024,(507) 2259155
203,Gisele,Halhead,ghalhead5m@microsoft.com,7212 Commercial Drive,Peoria,Illinois,61614,08/31/2024,(309) 8140690
204,Riley,Gracewood,rgracewood5n@buzzfeed.com,3425 Spaight Center,Portland,Oregon,97286,03/17/2025,(503) 6650418
205,Ariel,Greenwood,agreenwood5o@csmonitor.com,0950 Judy Hill,Sandy,Utah,84093,10/14/2024,(801) 7175499
206,Ina,Zwicker,izwicker5p@eepurl.com,2268 Bluejay Hill,South Bend,Indiana,46699,11/22/2024,(574) 6797804
207,Stephana,Forrestall,sforrestall5q@hostgator.com,9 Jay Crossing,Toledo,Ohio,43666,01/18/2025,(419) 5379816
208,Giraldo,Tresvina,gtresvina5r@edublogs.org,2 Laurel Pass,San Antonio,Texas,78291,07/20/2024,(210) 1842774
209,Stuart,Estabrook,sestabrook5s@accuweather.com,34205 Lawn Lane,Fresno,California,93762,08/20/2024,(559) 2850274
210,Kristan,Worrall,kworrall5t@squarespace.com,4622 Montana Way,Lake Worth,Florida,33467,06/05/2024,(561) 2478649
211,Derron,Castellone,dcastellone5u@youtu.be,8 Hanson Court,Anderson,Indiana,46015,01/18/2025,(765) 4097569
212,Sanson,Ateridge,sateridge5v@newyorker.com,33407 Brentwood Crossing,San Antonio,Texas,78225,10/14/2024,(210) 3209235
213,Linn,Redding,lredding5w@forbes.com,1 Talisman Junction,Springfield,Illinois,62718,07/07/2024,(217) 3356832
214,Marven,Malpas,mmalpas5x@shutterfly.com,24 Ronald Regan Trail,Laredo,Texas,78044,08/30/2024,(956) 7524500
215,Cindy,Emeney,cemeney5y@arstechnica.com,8127 Florence Avenue,Schenectady,New York,12305,06/09/2024,(518) 2039550
216,Sheridan,Toppes,stoppes5z@google.es,15 Mockingbird Drive,New York City,New York,10280,05/15/2024,(917) 9270882
217,Gwenny,Aymerich,gaymerich60@sfgate.com,308 Little Fleur Avenue,Portland,Oregon,97229,06/04/2024,(503) 8269598
218,Dara,Barter,dbarter61@ed.gov,97372 Nevada Road,Albuquerque,New Mexico,87121,01/04/2025,(505) 5989090
219,Emmit,Scamel,escamel62@soundcloud.com,763 Maryland Alley,Orlando,Florida,32868,10/06/2024,(407) 3626645
220,Louisette,Tibalt,ltibalt63@ucoz.com,58 Golden Leaf Crossing,Lexington,Kentucky,40596,02/12/2025,(859) 2063058
221,Florie,Korneluk,fkorneluk64@de.vu,934 American Ash Trail,Bakersfield,California,93305,12/10/2024,(661) 4489939
222,Tiebout,Swaden,tswaden65@privacy.gov.au,582 Grayhawk Point,Topeka,Kansas,66642,10/31/2024,(785) 6111903
223,Xymenes,O'Docherty,xodocherty66@newsvine.com,41759 Clemons Way,Greensboro,North Carolina,27455,08/04/2024,(336) 5832508
224,Bambie,Cooley,bcooley67@hibu.com,79 Debs Place,Evansville,Indiana,47737,06/14/2024,(812) 7267854
225,Gay,Raffels,graffels68@theguardian.com,465 Menomonie Parkway,Muskegon,Michigan,49444,12/05/2024,(231) 3445605
226,Kalil,Gerckens,kgerckens69@earthlink.net,4 Marcy Hill,Portland,Oregon,97216,12/29/2024,(503) 6034715
227,Yalonda,Burnep,yburnep6a@tamu.edu,6 Springs Road,Scottsdale,Arizona,85271,03/02/2025,(480) 9304566
228,Bethany,Kilpin,bkilpin6b@cyberchimps.com,41 Lighthouse Bay Park,New York City,New York,10004,05/08/2024,(212) 6288084
229,Juditha,Stuckford,jstuckford6c@1688.com,10 Monterey Lane,Greenville,South Carolina,29615,10/12/2024,(864) 2331231
230,Consalve,Disbrow,cdisbrow6d@is.gd,300 Grasskamp Road,Greensboro,North Carolina,27455,11/25/2024,(336) 7588257
231,Derick,Joslin,djoslin6e@auda.org.au,66179 Nobel Street,Tacoma,Washington,98405,06/03/2024,(253) 7934679
232,Beauregard,Wayne,bwayne6f@parallels.com,093 Farragut Parkway,Wichita,Kansas,67230,06/25/2024,(316) 7081016
233,Simona,Kindon,skindon6g@google.ru,5 Eastwood Circle,Fresno,California,93721,04/10/2024,(559) 7910166
234,Annecorinne,Le Jean,alejean6h@nbcnews.com,24373 Westend Crossing,Glendale,California,91205,02/12/2025,(818) 8928753
235,Gussi,Busain,gbusain6i@statcounter.com,38 Barnett Center,Nashville,Tennessee,37210,12/13/2024,(615) 9406549
236,Bary,Mettericke,bmettericke6j@nifty.com,6255 Maple Crossing,Pittsburgh,Pennsylvania,15261,06/01/2024,(412) 2365075
237,Suki,Schistl,sschistl6k@wikia.com,890 Westend Trail,Albuquerque,New Mexico,87110,09/15/2024,(505) 6649777
238,Kerianne,Denholm,kdenholm6l@hexun.com,82 Hayes Place,Dearborn,Michigan,48126,02/16/2025,(734) 3769091
239,Gilbertine,Bonifazio,gbonifazio6m@theatlantic.com,7 East Avenue,Sacramento,California,94291,03/09/2025,(916) 5991876
240,Izak,Chauvey,ichauvey6n@cpanel.net,90 Golf Junction,Salt Lake City,Utah,84105,04/16/2024,(435) 3428547
241,Harri,Ghilardi,hghilardi6o@people.com.cn,13942 Dwight Center,Richmond,Virginia,23260,06/14/2024,(804) 2344534
242,Bernarr,Anchor,banchor6p@hp.com,711 Oxford Center,Saint Petersburg,Florida,33731,05/03/2024,(727) 3317831
243,Klarrisa,Swine,kswine6q@printfriendly.com,5 Lerdahl Crossing,Raleigh,North Carolina,27658,07/01/2024,(919) 2028318
244,Ysabel,Gloster,ygloster6r@imageshack.us,609 Fairview Trail,Saint Louis,Missouri,63167,06/02/2024,(314) 2418414
245,Far,Sallis,fsallis6s@mapquest.com,7 Schmedeman Avenue,Columbus,Ohio,43268,12/28/2024,(614) 2936276
246,Roseann,Pimblott,rpimblott6t@howstuffworks.com,8 Bonner Avenue,Kent,Washington,98042,01/28/2025,(206) 1384317
247,Cortie,Pybworth,cpybworth6u@skype.com,68 Cody Hill,Washington,District of Columbia,20436,06/09/2024,(202) 4158305
248,Glenna,Winsom,gwinsom6v@goo.gl,818 Division Junction,Lincoln,Nebraska,68531,03/30/2024,(402) 2611191
249,Caryl,Cassius,ccassius6w@craigslist.org,64877 Hanson Trail,Boulder,Colorado,80305,12/17/2024,(720) 4917345
250,Hogan,Lorriman,hlorriman6x@ezinearticles.com,9 Toban Parkway,Great Neck,New York,11024,09/23/2024,(516) 8596021
251,Jody,Klaus,jklaus6y@skyrock.com,54249 High Crossing Avenue,Pittsburgh,Pennsylvania,15230,07/30/2024,(412) 3407172
252,Conchita,Meharg,cmeharg6z@statcounter.com,53954 Holy Cross Crossing,Las Cruces,New Mexico,88006,06/19/2024,(505) 8519945
253,Pru,Smallpeice,psmallpeice70@domainmarket.com,230 Menomonie Circle,Boston,Massachusetts,02298,10/11/2024,(617) 4913501
254,Alicea,Greiser,agreiser71@ask.com,69085 Buena Vista Road,Independence,Missouri,64054,11/29/2024,(816) 4286239
255,Caye,Hayland,chayland72@google.com.au,422 Haas Trail,Joliet,Illinois,60435,06/20/2024,(815) 7697783
256,Emmi,Lathleiffure,elathleiffure73@time.com,92388 Bluejay Trail,Evansville,Indiana,47747,12/23/2024,(812) 7889484
257,Rudiger,Sunter,rsunter74@bbc.co.uk,9320 Surrey Place,Portland,Oregon,97296,09/30/2024,(503) 5762843
258,Pearla,Bridie,pbridie75@usgs.gov,83 Northfield Parkway,Baton Rouge,Louisiana,70805,08/14/2024,(225) 2594727
259,Janenna,Critchley,jcritchley76@comsenz.com,95327 Grim Parkway,New York City,New York,10090,01/19/2025,(212) 1953121
260,Maura,Sangar,msangar77@usnews.com,4 Monica Trail,Colorado Springs,Colorado,80905,07/20/2024,(719) 2005921
261,Billy,Piddington,bpiddington78@cnet.com,815 Ruskin Place,San Jose,California,95138,08/11/2024,(408) 8529670
262,Nadya,Rubery,nrubery79@parallels.com,16616 International Pass,Pittsburgh,Pennsylvania,15235,04/10/2024,(412) 3774120
263,Gearalt,Chancellor,gchancellor7a@columbia.edu,39 Fuller Parkway,Littleton,Colorado,80126,01/17/2025,(303) 7872033
264,Catherin,Mussolini,cmussolini7b@wordpress.org,0727 Melody Terrace,Sacramento,California,94237,01/15/2025,(916) 6130871
265,Eugenio,Flannigan,eflannigan7c@linkedin.com,77 Mccormick Parkway,Las Vegas,Nevada,89155,02/08/2025,(702) 8717402
266,Henka,Andrea,handrea7d@dot.gov,4332 Oneill Trail,San Rafael,California,94913,01/01/2025,(415) 4947169
267,Wynnie,Figgures,wfiggures7e@quantcast.com,465 Kenwood Way,Miami,Florida,33147,10/18/2024,(305) 8590148
268,Gayla,Lancashire,glancashire7f@bbb.org,42206 Summerview Road,Duluth,Minnesota,55811,03/13/2025,(218) 6591349
269,Ginni,Durdan,gdurdan7g@google.com,07 Del Sol Way,Evansville,Indiana,47712,02/12/2025,(812) 3496015
270,Ashby,Hayesman,ahayesman7h@1688.com,931 Rieder Road,Grand Junction,Colorado,81505,09/09/2024,(970) 3468454
271,Daisy,Spenley,dspenley7i@home.pl,4632 Shelley Way,Albany,New York,12237,11/06/2024,(518) 5320366
272,Freddi,Feacham,ffeacham7j@google.co.uk,2 Russell Parkway,Long Beach,California,90805,11/28/2024,(310) 7204574
273,Mitch,Osgordby,mosgordby7k@moonfruit.com,646 Mayer Point,Spring Hill,Florida,34611,04/25/2024,(352) 9833257
274,Kinsley,Hollindale,khollindale7l@pen.io,4901 Heffernan Drive,Sacramento,California,94245,02/27/2025,(916) 6514719
275,Bartolomeo,Edmondson,bedmondson7m@storify.com,61309 Calypso Lane,Portland,Oregon,97201,09/09/2024,(503) 9891494
276,Mufinella,Spottiswoode,mspottiswoode7n@mozilla.com,14699 Nobel Alley,Boston,Massachusetts,02163,03/16/2025,(857) 4767003
277,Lorraine,Pesticcio,lpesticcio7o@webeden.co.uk,375 Warner Circle,Philadelphia,Pennsylvania,19151,06/16/2024,(215) 7762386
278,Abelard,Biesterfeld,abiesterfeld7p@blinklist.com,652 Victoria Point,San Diego,California,92160,07/05/2024,(619) 3074100
279,Lonnie,Prestner,lprestner7q@aol.com,244 Prairie Rose Way,Corpus Christi,Texas,78465,03/03/2025,(361) 6974817
280,Kalina,Elsley,kelsley7r@t.co,84373 Harbort Point,Louisville,Kentucky,40220,05/01/2024,(502) 5188907
281,Tamma,Lamacraft,tlamacraft7s@virginia.edu,49774 Shopko Trail,Phoenix,Arizona,85020,11/01/2024,(623) 6836521
282,Baird,Patershall,bpatershall7t@miibeian.gov.cn,50294 Dixon Plaza,Roanoke,Virginia,24048,08/05/2024,(540) 6491780
283,Letty,Skune,lskune7u@tumblr.com,81 Artisan Park,Augusta,Georgia,30911,06/27/2024,(706) 5026245
284,Jorry,Sudddard,jsudddard7v@mozilla.org,76 Boyd Circle,Reno,Nevada,89595,05/24/2024,(775) 7975403
285,Jermain,Easthope,jeasthope7w@barnesandnoble.com,2830 Bay Alley,Boise,Idaho,83705,08/15/2024,(208) 7606620
286,Marve,Gilbanks,mgilbanks7x@fc2.com,547 Porter Avenue,Orlando,Florida,32885,11/11/2024,(407) 4340813
287,Conney,Archell,carchell7y@sciencedaily.com,2672 Bowman Alley,Kansas City,Kansas,66160,09/21/2024,(913) 4504628
288,Zackariah,Nisot,znisot7z@ca.gov,50581 Crowley Point,Torrance,California,90510,07/03/2024,(818) 5058650
289,Adeline,Refford,arefford80@mediafire.com,91882 Bellgrove Place,Saint Louis,Missouri,63150,02/08/2025,(314) 9534727
290,Sonja,Bucknill,sbucknill81@gnu.org,60137 Carpenter Avenue,Miami,Florida,33185,01/14/2025,(305) 4747738
291,Prentiss,Freschini,pfreschini82@about.me,83 Northridge Drive,Fort Pierce,Florida,34981,10/20/2024,(772) 8566902
292,Dory,Yetton,dyetton83@nature.com,51931 Forest Run Center,Pensacola,Florida,32511,01/11/2025,(850) 4761435
293,Any,Chawner,achawner84@marketwatch.com,1959 Mallard Terrace,Fargo,North Dakota,58106,03/26/2024,(701) 4870212
294,Janeta,Larrie,jlarrie85@canalblog.com,64 Delladonna Alley,Evansville,Indiana,47725,09/24/2024,(812) 4152454
295,Gipsy,Heikkinen,gheikkinen86@baidu.com,598 Oxford Plaza,Decatur,Georgia,30033,06/30/2024,(678) 1462567
296,Oralla,Riccione,oriccione87@pcworld.com,463 Northview Court,Newport News,Virginia,23612,01/17/2025,(757) 1991054
297,Leisha,Bowton,lbowton88@squarespace.com,1915 Dorton Road,Des Moines,Iowa,50981,12/31/2024,(515) 3478007
298,Darya,Baglin,dbaglin89@whitehouse.gov,9 Meadow Valley Hill,New Bedford,Massachusetts,02745,11/25/2024,(508) 3464665
299,Horton,Skerman,hskerman8a@chicagotribune.com,47478 Declaration Parkway,Monroe,Louisiana,71213,12/05/2024,(318) 8355899
300,Elwyn,Leuty,eleuty8b@csmonitor.com,055 Hovde Center,New Orleans,Louisiana,70142,05/12/2024,(504) 6524782
301,Conway,Beetles,cbeetles8c@cam.ac.uk,64206 Jenifer Avenue,Allentown,Pennsylvania,18105,08/27/2024,(610) 8088953
302,Kamilah,Divers,kdivers8d@shutterfly.com,06 Schurz Crossing,Houston,Texas,77266,03/09/2025,(832) 1369090
303,Anastassia,Slograve,aslograve8e@businessweek.com,8143 Prentice Avenue,Macon,Georgia,31210,01/16/2025,(478) 2039900
304,Urbanus,Frankton,ufrankton8f@bing.com,006 Ludington Alley,San Francisco,California,94105,08/18/2024,(415) 8425911
305,Cathleen,Schankelborg,cschankelborg8g@dot.gov,805 North Center,Wilmington,Delaware,19810,06/21/2024,(302) 9485994
306,Doreen,Roseaman,droseaman8h@mysql.com,92529 7th Junction,Trenton,New Jersey,08650,04/17/2024,(609) 9211823
307,Ty,Dunstone,tdunstone8i@w3.org,3955 Almo Junction,Corpus Christi,Texas,78405,02/23/2025,(361) 4677985
308,Ryon,MacDonell,rmacdonell8j@wufoo.com,732 Cambridge Alley,Charlotte,North Carolina,28230,08/22/2024,(704) 3094602
309,Odelinda,Minget,ominget8k@bandcamp.com,1272 Katie Trail,Portsmouth,New Hampshire,00214,01/27/2025,(603) 1789464
310,Marcille,Tribe,mtribe8l@home.pl,3 Erie Junction,Denver,Colorado,80243,03/27/2024,(303) 4767944
311,Phillie,Feake,pfeake8m@ovh.net,5135 Ronald Regan Lane,Memphis,Tennessee,38114,12/01/2024,(901) 3458676
312,Lacee,Tween,ltween8n@reddit.com,134 Sunbrook Drive,Jeffersonville,Indiana,47134,01/08/2025,(812) 2021053
313,Bree,Bullock,bbullock8o@friendfeed.com,64453 Westerfield Street,Watertown,Massachusetts,02472,01/22/2025,(617) 9233764
314,Bridgette,Huckster,bhuckster8p@t-online.de,66 Grover Alley,Indianapolis,Indiana,46231,04/17/2024,(317) 5647536
315,Andrea,Tax,atax8q@rambler.ru,62 Hudson Terrace,Bronx,New York,10474,11/14/2024,(718) 1471045
316,Jeanie,Ivanonko,jivanonko8r@tiny.cc,34 Clyde Gallagher Street,San Antonio,Texas,78210,01/17/2025,(210) 6462913
317,Eveleen,McClinton,emcclinton8s@theatlantic.com,6454 Daystar Plaza,New York City,New York,10184,04/22/2024,(212) 8670852
318,Darb,Shrubb,dshrubb8t@tinyurl.com,512 Ridgeway Terrace,Bronx,New York,10454,04/28/2024,(718) 2061740
319,Hailee,Heersema,hheersema8u@flickr.com,0 Rigney Park,El Paso,Texas,79968,06/01/2024,(915) 8204979
320,Amabelle,Morewood,amorewood8v@clickbank.net,2446 Manufacturers Street,Memphis,Tennessee,38143,04/30/2024,(901) 9036502
321,Xenia,Loyns,xloyns8w@tumblr.com,64 Southridge Lane,San Diego,California,92186,01/17/2025,(619) 5192791
322,Felecia,Bardsley,fbardsley8x@google.co.jp,61 Kedzie Alley,El Paso,Texas,79934,07/31/2024,(915) 6483674
323,Madeleine,Collick,mcollick8y@github.io,73 Coleman Terrace,Houston,Texas,77255,12/14/2024,(713) 3634840
324,Roarke,McGovern,rmcgovern8z@ucoz.com,1 Ryan Terrace,Louisville,Kentucky,40298,11/05/2024,(502) 8931041
325,Amber,Labrom,alabrom90@seattletimes.com,607 Monica Hill,New York City,New York,10270,12/02/2024,(347) 8493823
326,Sophie,Ghidelli,sghidelli91@china.com.cn,055 Oak Valley Court,Johnstown,Pennsylvania,15906,08/25/2024,(814) 8626256
327,Norbie,Lozano,nlozano92@exblog.jp,442 Sunfield Pass,Boston,Massachusetts,02114,10/19/2024,(508) 7162106
328,Durant,Galea,dgalea93@examiner.com,7721 Sycamore Park,Boise,Idaho,83711,04/13/2024,(208) 1918342
329,Zebadiah,Kubiak,zkubiak94@sciencedaily.com,19 Lighthouse Bay Point,Miami,Florida,33261,11/19/2024,(305) 4936182
330,Emelia,Aizkovitch,eaizkovitch95@unblog.fr,960 Kedzie Trail,Jacksonville,Florida,32259,12/17/2024,(904) 8256259
331,Janelle,Colling,jcolling96@spiegel.de,9 Claremont Avenue,Dayton,Ohio,45470,06/28/2024,(937) 8213179
332,Carmita,Jakoubek,cjakoubek97@last.fm,98 Village Parkway,Washington,District of Columbia,20530,09/19/2024,(202) 9781924
333,Gretel,Foulis,gfoulis98@issuu.com,57967 Blue Bill Park Avenue,Cincinnati,Ohio,45223,02/12/2025,(513) 1490800
334,Reidar,Gyorffy,rgyorffy99@github.io,65 Di Loreto Court,Shreveport,Louisiana,71166,10/22/2024,(318) 7996626
335,Ardelia,Sibbet,asibbet9a@domainmarket.com,24 Lerdahl Street,Duluth,Minnesota,55811,03/13/2025,(218) 6475981
336,Matthiew,Grugerr,mgrugerr9b@typepad.com,9150 5th Junction,Houston,Texas,77245,09/08/2024,(713) 2556309
337,Adore,Rylance,arylance9c@privacy.gov.au,898 Commercial Junction,Akron,Ohio,44393,09/08/2024,(234) 6879333
338,Artemus,Joanic,ajoanic9d@bigcartel.com,0438 Hermina Alley,Dallas,Texas,75372,01/13/2025,(214) 7960772
339,Rozamond,Phython,rphython9e@wufoo.com,358 Barnett Road,Sterling,Virginia,20167,05/10/2024,(571) 5364867
340,Eleanor,Ingamells,eingamells9f@marriott.com,01574 Myrtle Road,Daytona Beach,Florida,32128,04/20/2024,(386) 6042275
341,Staford,Damiral,sdamiral9g@miibeian.gov.cn,084 Canary Road,Hamilton,Ohio,45020,10/29/2024,(937) 6452850
342,Denni,Bariball,dbariball9h@fema.gov,4628 Arizona Circle,Saint Petersburg,Florida,33737,01/29/2025,(727) 6606110
343,Corry,Ivery,civery9i@cam.ac.uk,04763 Porter Drive,Detroit,Michigan,48224,08/03/2024,(586) 6716274
344,Rory,Portriss,rportriss9j@soup.io,83 Dapin Avenue,Pompano Beach,Florida,33075,04/12/2024,(754) 9908569
345,Rhodia,Dabnot,rdabnot9k@pcworld.com,7842 Hoepker Crossing,Spartanburg,South Carolina,29305,02/03/2025,(864) 4890933
346,Karyn,Penfold,kpenfold9l@phoca.cz,63 Hansons Place,Huntsville,Alabama,35815,01/18/2025,(256) 5396021
347,Jerrie,Tyzack,jtyzack9m@merriam-webster.com,391 Mosinee Plaza,Valley Forge,Pennsylvania,19495,11/01/2024,(484) 5990227
348,Lil,Shakespeare,lshakespeare9n@blogger.com,49 Garrison Road,Seattle,Washington,98115,10/15/2024,(425) 6203737
349,Godiva,Busfield,gbusfield9o@comsenz.com,8 Mallory Court,San Francisco,California,94159,02/25/2025,(415) 6885169
350,Jessamine,Pickles,jpickles9p@ft.com,46 Monument Center,Rockford,Illinois,61105,12/06/2024,(815) 2253628
351,Rhetta,Dominey,rdominey9q@princeton.edu,3692 Aberg Center,Jackson,Mississippi,39204,02/21/2025,(601) 3531753
352,Bear,Caherny,bcaherny9r@1688.com,540 Cordelia Drive,Brooklyn,New York,11220,06/15/2024,(718) 5052492
353,Leila,Caller,lcaller9s@wix.com,524 Milwaukee Point,Louisville,Kentucky,40256,06/24/2024,(502) 8216598
354,Adria,Westhofer,awesthofer9t@51.la,90 Cambridge Point,Birmingham,Alabama,35220,03/12/2025,(205) 7194725
355,Pennie,Devote,pdevote9u@dagondesign.com,3029 Vernon Court,Rochester,New York,14619,12/12/2024,(585) 4757943
356,Oran,Matyukon,omatyukon9v@youtube.com,64 Atwood Place,Baltimore,Maryland,21211,11/14/2024,(443) 1506301
357,Jamie,Filipovic,jfilipovic9w@tumblr.com,3 Lukken Terrace,Orlando,Florida,32854,11/29/2024,(407) 3800920
358,Marsha,Pinnock,mpinnock9x@tamu.edu,40 Waxwing Road,Indianapolis,Indiana,46295,12/09/2024,(317) 9879990
359,Adeline,McCully,amccully9y@nyu.edu,32512 Delladonna Crossing,Los Angeles,California,90055,06/07/2024,(213) 2329320
360,Chicky,Rixon,crixon9z@netlog.com,81 Moose Drive,Philadelphia,Pennsylvania,19172,03/29/2024,(215) 8453346
361,Fredric,Sivorn,fsivorna0@mediafire.com,242 Walton Crossing,Spokane,Washington,99252,05/24/2024,(509) 5659936
362,Deeann,Freckleton,dfreckletona1@prweb.com,8622 Rigney Avenue,Scottsdale,Arizona,85271,12/07/2024,(480) 2078974
363,Vinnie,Pavlitschek,vpavlitscheka2@home.pl,871 Eagan Place,Grand Rapids,Michigan,49544,03/12/2025,(616) 3020653
364,Ad,Morrad,amorrada3@intel.com,413 Jenna Avenue,Greensboro,North Carolina,27415,10/19/2024,(336) 9577670
365,Verene,Placido,vplacidoa4@flickr.com,764 Birchwood Lane,Dallas,Texas,75397,04/30/2024,(214) 7036660
366,Marin,Birtwistle,mbirtwistlea5@cargocollective.com,52982 Rutledge Circle,New York City,New York,10165,01/26/2025,(212) 9842334
367,Cecilia,Cullivan,ccullivana6@miibeian.gov.cn,66 Hauk Place,Birmingham,Alabama,35244,07/07/2024,(205) 9956427
368,Burg,Matussov,bmatussova7@skyrock.com,910 Forster Avenue,Arlington,Texas,76004,03/25/2025,(817) 8133451
369,Arte,Newtown,anewtowna8@smugmug.com,2178 Paget Circle,Sioux Falls,South Dakota,57105,07/27/2024,(605) 6249762
370,Ashlen,Janjusevic,ajanjusevica9@blogs.com,76 Reindahl Trail,Roanoke,Virginia,24014,02/01/2025,(540) 5685712
371,Lotte,Mockes,lmockesaa@wp.com,3 Carioca Center,Columbia,South Carolina,29208,11/01/2024,(803) 8447112
372,Loreen,Worvill,lworvillab@sfgate.com,41239 Luster Circle,Akron,Ohio,44305,10/29/2024,(330) 3692558
373,Sandy,Fabri,sfabriac@topsy.com,76365 Melody Alley,Los Angeles,California,90071,11/04/2024,(562) 1257151
374,Lisle,Pollastrone,lpollastronead@webmd.com,3909 Kennedy Alley,Hicksville,New York,11854,01/05/2025,(516) 9402647
375,Beitris,Yeeles,byeelesae@ustream.tv,17091 Milwaukee Drive,El Paso,Texas,88541,12/20/2024,(915) 8730510
376,Whit,Rozanski,wrozanskiaf@google.co.uk,53 Fallview Trail,Tacoma,Washington,98442,08/22/2024,(253) 2145316
377,Stesha,Ogger,soggerag@nationalgeographic.com,081 Grasskamp Way,Melbourne,Florida,32919,05/15/2024,(321) 9729189
378,Petr,Twiddle,ptwiddleah@taobao.com,943 Redwing Plaza,Largo,Florida,34643,08/14/2024,(727) 6739149
379,Vilma,Risley,vrisleyai@drupal.org,69010 Carberry Alley,Honolulu,Hawaii,96805,12/03/2024,(808) 8540748
380,Celia,Duling,cdulingaj@cbsnews.com,94465 Ramsey Trail,Tyler,Texas,75705,11/07/2024,(903) 8594573
381,Kial,Eldrid,keldridak@ning.com,6 Old Gate Alley,Baltimore,Maryland,21290,05/14/2024,(410) 3287328
382,Ward,Raistrick,wraistrickal@boston.com,9052 Vera Junction,Albuquerque,New Mexico,87190,04/25/2024,(505) 7630255
383,Jecho,Oldfield-Cherry,joldfieldcherryam@phpbb.com,015 Browning Point,Providence,Rhode Island,02905,03/21/2025,(401) 1917349
384,Orella,Venmore,ovenmorean@example.com,7 Becker Point,Washington,District of Columbia,20430,09/18/2024,(202) 6286313
385,Rania,Freezor,rfreezorao@goodreads.com,4638 Warner Pass,Little Rock,Arkansas,72231,10/19/2024,(501) 9708632
386,Pru,Chuter,pchuterap@aol.com,625 Monica Point,Cincinnati,Ohio,45264,12/07/2024,(513) 3813622
387,Worthington,Ivanitsa,wivanitsaaq@nbcnews.com,1 Nobel Terrace,Saint Louis,Missouri,63126,02/26/2025,(314) 4233497
388,Renard,Fosberry,rfosberryar@wix.com,9426 Warner Street,Pittsburgh,Pennsylvania,15286,05/07/2024,(412) 3492288
389,Filide,Lowder,flowderas@gnu.org,774 Forest Dale Drive,Salt Lake City,Utah,84115,02/25/2025,(801) 4104018
390,Odell,Woodlands,owoodlandsat@sun.com,40284 Aberg Hill,Chicago,Illinois,60641,03/04/2025,(630) 9971221
391,Carver,Steiner,csteinerau@cbc.ca,6 Quincy Pass,Orlando,Florida,32854,07/12/2024,(407) 3915513
392,Viviana,Guidini,vguidiniav@imgur.com,04 Westend Circle,Springfield,Missouri,65805,07/29/2024,(417) 9295298
393,Joannes,Goranov,jgoranovaw@harvard.edu,149 Norway Maple Trail,Fort Worth,Texas,76147,09/15/2024,(817) 4047250
394,Loralie,Houldcroft,lhouldcroftax@oracle.com,719 Ridgeview Parkway,Washington,District of Columbia,20319,01/20/2025,(202) 9408744
395,Monty,Jaouen,mjaouenay@redcross.org,9 Sherman Court,Flint,Michigan,48505,02/14/2025,(810) 9946616
396,Jennica,Yokley,jyokleyaz@deviantart.com,1579 Haas Circle,Dallas,Texas,75287,04/20/2024,(214) 5836999
397,Akim,Borel,aborelb0@networksolutions.com,1232 Springview Avenue,Lansing,Michigan,48956,08/31/2024,(517) 5622706
398,Ricardo,Cashin,rcashinb1@ifeng.com,43913 Eagan Park,Bowie,Maryland,20719,04/05/2024,(240) 7424933
399,Donny,Avarne,davarneb2@independent.co.uk,7005 Darwin Court,Amarillo,Texas,79159,03/17/2025,(806) 4065100
400,Jillane,Gierardi,jgierardib3@mail.ru,9 3rd Circle,Phoenix,Arizona,85025,06/27/2024,(480) 5889087
401,Melesa,Cunio,mcuniob4@narod.ru,02 Eggendart Crossing,Roanoke,Virginia,24048,03/08/2025,(540) 9999204
402,Beckie,Hearne,bhearneb5@tuttocitta.it,0256 Moose Crossing,Peoria,Illinois,61605,02/19/2025,(309) 1909525
403,Beverlie,Wibrow,bwibrowb6@mapy.cz,50207 Golden Leaf Park,Sacramento,California,94297,04/14/2024,(916) 7634431
404,Adham,Burgyn,aburgynb7@google.fr,50943 Main Circle,Miami,Florida,33158,01/04/2025,(305) 8515282
405,Hymie,Paolozzi,hpaolozzib8@w3.org,20 Steensland Lane,Detroit,Michigan,48275,08/21/2024,(313) 7904876
406,Giacinta,Swindles,gswindlesb9@tiny.cc,08 Sauthoff Avenue,Wilmington,North Carolina,28410,08/02/2024,(910) 9007909
407,Felicity,Yegorkin,fyegorkinba@unc.edu,5 Mariners Cove Road,Savannah,Georgia,31416,01/28/2025,(912) 8747282
408,Ros,Lenihan,rlenihanbb@jimdo.com,5073 Sundown Place,Fayetteville,North Carolina,28314,12/28/2024,(910) 7550953
409,Jonie,Belham,jbelhambc@seattletimes.com,478 Ruskin Street,Grand Rapids,Michigan,49518,03/04/2025,(616) 8613381
410,Sanderson,Mosdill,smosdillbd@scribd.com,1 Green Court,Saint Joseph,Missouri,64504,06/16/2024,(816) 1719951
411,Herbert,Pinnocke,hpinnockebe@usda.gov,91524 Transport Avenue,Midland,Michigan,48670,08/11/2024,(989) 7670173
412,Audi,Lemmers,alemmersbf@cam.ac.uk,64 Wayridge Trail,Honolulu,Hawaii,96850,11/15/2024,(808) 2364561
413,Vilma,Lack,vlackbg@si.edu,4 Little Fleur Plaza,Warren,Ohio,44485,12/23/2024,(330) 3348151
414,Dietrich,Sacaze,dsacazebh@virginia.edu,492 Maywood Pass,Columbus,Georgia,31914,07/25/2024,(706) 6653485
415,Roddie,Vallentine,rvallentinebi@feedburner.com,77 Valley Edge Way,El Paso,Texas,88553,09/30/2024,(915) 4087787
416,Melissa,Derrett,mderrettbj@oakley.com,484 South Place,Vancouver,Washington,98682,06/06/2024,(360) 2589742
417,Ruby,Greest,rgreestbk@simplemachines.org,9 Vernon Place,Dearborn,Michigan,48126,02/20/2025,(734) 2043620
418,Suzy,Cassell,scassellbl@uiuc.edu,0924 Washington Center,Jacksonville,Florida,32209,06/17/2024,(904) 8148128
419,Sybyl,Laying,slayingbm@google.de,73224 Larry Alley,Humble,Texas,77346,01/04/2025,(713) 6167840
420,Marmaduke,Houlson,mhoulsonbn@telegraph.co.uk,409 Linden Junction,Boston,Massachusetts,02114,07/11/2024,(857) 3193352
421,Benedicto,Farman,bfarmanbo@buzzfeed.com,3030 Petterle Avenue,Newark,New Jersey,07104,11/06/2024,(973) 7389543
422,Mireielle,Corradeschi,mcorradeschibp@livejournal.com,29 Pierstorff Drive,Colorado Springs,Colorado,80930,09/07/2024,(719) 3210566
423,Genni,Girodon,ggirodonbq@macromedia.com,1 Russell Junction,Richmond,Virginia,23277,11/17/2024,(804) 6102422
424,Matilda,Witnall,mwitnallbr@goo.gl,23 Spohn Drive,Salt Lake City,Utah,84105,09/28/2024,(801) 1427753
425,Rosa,McKag,rmckagbs@gnu.org,57508 Springs Point,Johnstown,Pennsylvania,15906,09/10/2024,(814) 3327844
426,Nahum,Kemmish,nkemmishbt@census.gov,155 Boyd Pass,Boise,Idaho,83757,06/11/2024,(208) 6283944
427,Alane,Charke,acharkebu@newyorker.com,81645 Vahlen Plaza,Columbus,Ohio,43210,12/15/2024,(614) 7278188
428,Feliks,Cammocke,fcammockebv@soundcloud.com,88 Maple Wood Alley,Fort Wayne,Indiana,46896,11/22/2024,(260) 6685909
429,Stan,Sircomb,ssircombbw@cocolog-nifty.com,0323 Sachs Court,Los Angeles,California,90081,10/02/2024,(213) 2036678
430,Blondie,Esposito,bespositobx@sitemeter.com,278 Hintze Road,Dallas,Texas,75210,05/02/2024,(214) 7720315
431,Crawford,Dawks,cdawksby@51.la,52 Annamark Street,Denver,Colorado,80235,08/22/2024,(720) 4580356
432,Darbee,Darington,ddaringtonbz@dagondesign.com,4 Mayfield Terrace,Saint Paul,Minnesota,55127,11/27/2024,(612) 4340920
433,Barbie,Atwater,batwaterc0@wsj.com,7 Mallory Crossing,Saint Petersburg,Florida,33737,06/10/2024,(727) 4938121
434,Jessie,Attow,jattowc1@abc.net.au,637 Blackbird Hill,Wichita,Kansas,67236,06/02/2024,(316) 7919933
435,Rourke,Muspratt,rmusprattc2@spiegel.de,72 Fair Oaks Pass,Amarillo,Texas,79165,08/22/2024,(806) 9775473
436,Sonnie,Pavlata,spavlatac3@hc360.com,7939 Southridge Junction,New York City,New York,10160,12/22/2024,(212) 2666834
437,Andy,Flanner,aflannerc4@nbcnews.com,1537 Jenifer Pass,San Diego,California,92110,08/16/2024,(619) 1501655
438,Cyrille,Cromarty,ccromartyc5@cpanel.net,7263 6th Drive,Washington,District of Columbia,20436,05/27/2024,(202) 7470492
439,Sascha,Ding,sdingc6@storify.com,5 Sunnyside Circle,Sacramento,California,94297,07/31/2024,(916) 8919955
440,Linus,Wanley,lwanleyc7@noaa.gov,37 Golf Avenue,Boca Raton,Florida,33487,06/11/2024,(561) 9666790
441,Jeniece,Seater,jseaterc8@phpbb.com,24 6th Trail,El Paso,Texas,88563,12/10/2024,(915) 1707019
442,Brucie,McLese,bmclesec9@liveinternet.ru,380 East Parkway,Sioux Falls,South Dakota,57110,05/25/2024,(605) 7982053
443,Irene,Nabbs,inabbsca@va.gov,23 Grover Way,Milwaukee,Wisconsin,53263,11/06/2024,(414) 8349512
444,Dorise,Woodhams,dwoodhamscb@nsw.gov.au,8826 Hagan Drive,Waco,Texas,76796,08/31/2024,(254) 7980041
445,Guy,McAviy,gmcaviycc@tamu.edu,909 Muir Plaza,Oklahoma City,Oklahoma,73135,09/10/2024,(405) 8118926
446,Miguel,Montague,mmontaguecd@usa.gov,33041 Doe Crossing Park,Buffalo,New York,14210,09/28/2024,(716) 8104604
447,Neely,Flaherty,nflahertyce@ow.ly,3738 Londonderry Avenue,Hartford,Connecticut,06140,07/15/2024,(860) 4642607
448,Marielle,Cuschieri,mcuschiericf@bing.com,50 Leroy Terrace,Hamilton,Ohio,45020,11/06/2024,(937) 9924389
449,Kris,Tattershaw,ktattershawcg@t-online.de,74367 Washington Hill,Norman,Oklahoma,73071,03/31/2024,(405) 3048255
450,Grantley,Worman,gwormanch@hostgator.com,2851 Huxley Circle,Austin,Texas,78721,07/13/2024,(512) 9425239
451,Ophelie,Drepp,odreppci@msn.com,884 Division Way,Kansas City,Kansas,66160,06/03/2024,(913) 7277146
452,Natka,Tremoulet,ntremouletcj@berkeley.edu,0526 Killdeer Way,Newport News,Virginia,23605,07/04/2024,(757) 4250570
453,Kala,Dixie,kdixieck@wix.com,4805 Blackbird Hill,Charleston,West Virginia,25389,10/12/2024,(304) 5232510
454,Kellen,Mateu,kmateucl@dailymotion.com,48 Village Parkway,Oklahoma City,Oklahoma,73152,10/10/2024,(405) 5062968
455,Teddie,Shallcroff,tshallcroffcm@blogs.com,7 Cambridge Circle,Dallas,Texas,75323,02/23/2025,(214) 1874505
456,Aggy,Vause,avausecn@dailymail.co.uk,164 Holmberg Drive,Scottsdale,Arizona,85271,02/26/2025,(480) 1946483
457,Tove,Zanneli,tzannelico@comcast.net,5034 School Circle,Greensboro,North Carolina,27404,11/07/2024,(336) 1447804
458,Sophronia,Barraclough,sbarracloughcp@woothemes.com,0 Dawn Lane,Staten Island,New York,10305,07/06/2024,(718) 5545173
459,Janey,Piggens,jpiggenscq@a8.net,16 Sherman Trail,Hyattsville,Maryland,20784,04/11/2024,(301) 7921893
460,Constantine,Farrear,cfarrearcr@earthlink.net,9010 Maywood Court,Fairbanks,Alaska,99790,03/30/2024,(907) 9082686
461,Tibold,Kingdon,tkingdoncs@behance.net,0 Memorial Way,Zephyrhills,Florida,33543,04/29/2024,(813) 3961056
462,Agna,Lesley,alesleyct@feedburner.com,5959 Oriole Center,Springfield,Illinois,62711,05/15/2024,(217) 7914476
463,Ephrem,Bouzan,ebouzancu@shinystat.com,2 Fulton Parkway,Washington,District of Columbia,20036,01/11/2025,(202) 5264808
464,Randolf,Casaro,rcasarocv@blogtalkradio.com,603 3rd Avenue,Oakland,California,94605,09/28/2024,(510) 2487158
465,Hoyt,Falconer,hfalconercw@techcrunch.com,7056 Farragut Junction,Green Bay,Wisconsin,54305,11/25/2024,(920) 5114876
466,Jori,Fordy,jfordycx@bigcartel.com,8912 Sunnyside Plaza,Tacoma,Washington,98481,12/29/2024,(253) 4696550
467,Otha,Marsh,omarshcy@bravesites.com,4004 Mifflin Avenue,Little Rock,Arkansas,72209,06/30/2024,(501) 3129499
468,Kayle,Alenov,kalenovcz@princeton.edu,5642 Dunning Circle,Charleston,West Virginia,25362,08/02/2024,(304) 5578883
469,Fifi,Deble,fdebled0@xing.com,22808 Northview Plaza,Fresno,California,93715,12/19/2024,(559) 6984683
470,Valentin,Crone,vcroned1@yahoo.com,2 Prairie Rose Parkway,El Paso,Texas,79911,03/26/2024,(915) 7351672
471,Idaline,Shaw,ishawd2@alexa.com,4611 Havey Court,Springfield,Massachusetts,01152,08/11/2024,(413) 8841452
472,Xenos,Lattimer,xlattimerd3@omniture.com,7 Mallard Junction,Canton,Ohio,44760,04/09/2024,(330) 1353895
473,Abbie,Fagan,afagand4@tumblr.com,36198 Crownhardt Circle,Miami,Florida,33134,04/28/2024,(305) 4972918
474,Aleen,Rickaert,arickaertd5@cpanel.net,560 Jana Center,North Hollywood,California,91616,04/26/2024,(213) 7483080
475,Elfrieda,Michiel,emichield6@devhub.com,10 Monica Junction,Los Angeles,California,90035,05/19/2024,(818) 2645473
476,Cobb,Shafto,cshaftod7@cpanel.net,8805 Dawn Terrace,Peoria,Illinois,61656,10/03/2024,(309) 7567299
477,Jed,Musgrove,jmusgroved8@webeden.co.uk,19822 Bay Park,Miami,Florida,33111,11/18/2024,(786) 8279619
478,Paola,Bainbrigge,pbainbrigged9@nhs.uk,41 Farmco Trail,Syracuse,New York,13224,05/12/2024,(315) 5357464
479,Almeria,Crut,acrutda@answers.com,49 Chinook Trail,Philadelphia,Pennsylvania,19196,06/27/2024,(215) 6005807
480,Adriena,Eldered,aeldereddb@cam.ac.uk,04033 Clarendon Point,Pittsburgh,Pennsylvania,15205,01/06/2025,(724) 3061688
481,Violetta,Batchelor,vbatchelordc@java.com,1 Russell Drive,Monroe,Louisiana,71208,05/16/2024,(318) 6224529
482,Loy,Minithorpe,lminithorpedd@marriott.com,57 Lakeland Parkway,Baton Rouge,Louisiana,70836,12/08/2024,(225) 9652154
483,Olivia,Astill,oastillde@webmd.com,99 Holy Cross Court,Abilene,Texas,79699,09/01/2024,(325) 1955569
484,Seline,Garford,sgarforddf@pen.io,0264 Harbort Crossing,Jersey City,New Jersey,07310,02/06/2025,(973) 5340610
485,Margareta,Agar,magardg@creativecommons.org,2419 Mayer Park,Chicago,Illinois,60674,08/19/2024,(312) 8925095
486,Valina,Loynes,vloynesdh@bloomberg.com,1 Jenna Drive,Washington,District of Columbia,20005,01/12/2025,(202) 2693393
487,Sabra,McWhirter,smcwhirterdi@w3.org,9 Monument Circle,Panama City,Florida,32405,02/08/2025,(850) 1334973
488,L;urette,Kaemena,lkaemenadj@reddit.com,07885 Tomscot Street,Orlando,Florida,32835,10/24/2024,(321) 8022601
489,Neils,Quarless,nquarlessdk@loc.gov,097 Eagan Plaza,Torrance,California,90510,11/28/2024,(818) 2717050
490,Ignatius,Illston,iillstondl@intel.com,55602 Portage Junction,Atlanta,Georgia,30368,01/10/2025,(404) 1078144
491,Beth,Courtier,bcourtierdm@oracle.com,1 Maryland Drive,Saint Paul,Minnesota,55146,08/19/2024,(651) 2891478
492,Allegra,Oosthout de Vree,aoosthoutdevreedn@dmoz.org,65 Mendota Avenue,Winston Salem,North Carolina,27157,08/15/2024,(336) 4022784
493,Yance,Borsi,yborsido@slashdot.org,73 Hoffman Lane,New Orleans,Louisiana,70160,12/18/2024,(504) 8112955
494,Lyn,de Leon,ldeleondp@tuttocitta.it,06 7th Circle,Berkeley,California,94712,02/23/2025,(510) 2070008
495,Sawyere,Roggero,sroggerodq@163.com,59504 Vermont Park,Milwaukee,Wisconsin,53210,12/13/2024,(414) 3071530
496,Say,Dossett,sdossettdr@slashdot.org,229 Grayhawk Pass,El Paso,Texas,79923,05/17/2024,(915) 4830400
497,Tally,Hurleston,thurlestonds@time.com,94517 Eastlawn Point,Saint Paul,Minnesota,55127,02/20/2025,(651) 9138075
498,Robin,Deeley,rdeeleydt@ebay.co.uk,12 Claremont Drive,Minneapolis,Minnesota,55417,09/13/2024,(612) 4574993
499,Dareen,Fallanche,dfallanchedu@webnode.com,37288 Washington Crossing,Houston,Texas,77260,05/21/2024,(713) 8752651
500,Richmound,Judkin,rjudkindv@desdev.cn,5540 Hanover Road,Madison,Wisconsin,53716,07/04/2024,(608) 9180538
